{"pages":["fonte.png"],"chars":[{"id":8212,"index":525,"char":"—","width":49,"height":7,"xoffset":-2,"yoffset":22,"xadvance":45,"chnl":15,"x":0,"y":0,"page":0},{"id":106,"index":80,"char":"j","width":16,"height":48,"xoffset":-6,"yoffset":3,"xadvance":11,"chnl":15,"x":50,"y":0,"page":0},{"id":87,"index":61,"char":"W","width":46,"height":36,"xoffset":-1,"yoffset":4,"xadvance":43,"chnl":15,"x":0,"y":8,"page":0},{"id":193,"index":130,"char":"Á","width":33,"height":46,"xoffset":-2,"yoffset":-6,"xadvance":30,"chnl":15,"x":0,"y":45,"page":0},{"id":201,"index":138,"char":"É","width":21,"height":46,"xoffset":2,"yoffset":-6,"xadvance":23,"chnl":15,"x":0,"y":92,"page":0},{"id":205,"index":142,"char":"Í","width":15,"height":46,"xoffset":-1,"yoffset":-6,"xadvance":12,"chnl":15,"x":34,"y":45,"page":0},{"id":211,"index":148,"char":"Ó","width":34,"height":46,"xoffset":0,"yoffset":-6,"xadvance":34,"chnl":15,"x":0,"y":139,"page":0},{"id":218,"index":155,"char":"Ú","width":28,"height":46,"xoffset":2,"yoffset":-6,"xadvance":31,"chnl":15,"x":22,"y":92,"page":0},{"id":192,"index":129,"char":"À","width":33,"height":46,"xoffset":-2,"yoffset":-6,"xadvance":30,"chnl":15,"x":0,"y":186,"page":0},{"id":194,"index":131,"char":"Â","width":33,"height":46,"xoffset":-2,"yoffset":-6,"xadvance":30,"chnl":15,"x":0,"y":233,"page":0},{"id":202,"index":139,"char":"Ê","width":21,"height":46,"xoffset":2,"yoffset":-6,"xadvance":23,"chnl":15,"x":0,"y":280,"page":0},{"id":212,"index":149,"char":"Ô","width":34,"height":46,"xoffset":0,"yoffset":-6,"xadvance":34,"chnl":15,"x":0,"y":327,"page":0},{"id":199,"index":136,"char":"Ç","width":28,"height":46,"xoffset":0,"yoffset":4,"xadvance":28,"chnl":15,"x":22,"y":280,"page":0},{"id":81,"index":55,"char":"Q","width":35,"height":45,"xoffset":0,"yoffset":4,"xadvance":34,"chnl":15,"x":34,"y":186,"page":0},{"id":213,"index":150,"char":"Õ","width":34,"height":45,"xoffset":0,"yoffset":-4,"xadvance":34,"chnl":15,"x":35,"y":139,"page":0},{"id":195,"index":132,"char":"Ã","width":33,"height":44,"xoffset":-2,"yoffset":-4,"xadvance":30,"chnl":15,"x":34,"y":232,"page":0},{"id":220,"index":157,"char":"Ü","width":28,"height":44,"xoffset":2,"yoffset":-3,"xadvance":31,"chnl":15,"x":51,"y":49,"page":0},{"id":40,"index":14,"char":"(","width":14,"height":43,"xoffset":1,"yoffset":4,"xadvance":14,"chnl":15,"x":51,"y":94,"page":0},{"id":41,"index":15,"char":")","width":15,"height":43,"xoffset":-2,"yoffset":4,"xadvance":14,"chnl":15,"x":66,"y":94,"page":0},{"id":91,"index":65,"char":"[","width":12,"height":43,"xoffset":2,"yoffset":4,"xadvance":14,"chnl":15,"x":67,"y":0,"page":0},{"id":93,"index":67,"char":"]","width":12,"height":43,"xoffset":-1,"yoffset":4,"xadvance":14,"chnl":15,"x":80,"y":0,"page":0},{"id":47,"index":21,"char":"/","width":23,"height":41,"xoffset":-3,"yoffset":4,"xadvance":18,"chnl":15,"x":80,"y":44,"page":0},{"id":225,"index":162,"char":"á","width":22,"height":39,"xoffset":0,"yoffset":2,"xadvance":23,"chnl":15,"x":93,"y":0,"page":0},{"id":233,"index":170,"char":"é","width":24,"height":39,"xoffset":0,"yoffset":2,"xadvance":24,"chnl":15,"x":0,"y":374,"page":0},{"id":243,"index":180,"char":"ó","width":27,"height":39,"xoffset":0,"yoffset":2,"xadvance":27,"chnl":15,"x":0,"y":414,"page":0},{"id":250,"index":187,"char":"ú","width":23,"height":39,"xoffset":1,"yoffset":2,"xadvance":26,"chnl":15,"x":25,"y":374,"page":0},{"id":224,"index":161,"char":"à","width":22,"height":39,"xoffset":0,"yoffset":2,"xadvance":23,"chnl":15,"x":35,"y":327,"page":0},{"id":226,"index":163,"char":"â","width":22,"height":39,"xoffset":0,"yoffset":2,"xadvance":23,"chnl":15,"x":51,"y":277,"page":0},{"id":234,"index":171,"char":"ê","width":24,"height":39,"xoffset":0,"yoffset":2,"xadvance":24,"chnl":15,"x":68,"y":232,"page":0},{"id":244,"index":181,"char":"ô","width":27,"height":39,"xoffset":0,"yoffset":2,"xadvance":27,"chnl":15,"x":70,"y":138,"page":0},{"id":98,"index":72,"char":"b","width":25,"height":38,"xoffset":2,"yoffset":2,"xadvance":27,"chnl":15,"x":82,"y":86,"page":0},{"id":100,"index":74,"char":"d","width":25,"height":38,"xoffset":0,"yoffset":2,"xadvance":27,"chnl":15,"x":104,"y":40,"page":0},{"id":102,"index":76,"char":"f","width":18,"height":38,"xoffset":-1,"yoffset":2,"xadvance":15,"chnl":15,"x":116,"y":0,"page":0},{"id":103,"index":77,"char":"g","width":25,"height":38,"xoffset":0,"yoffset":13,"xadvance":27,"chnl":15,"x":70,"y":178,"page":0},{"id":104,"index":78,"char":"h","width":23,"height":38,"xoffset":2,"yoffset":2,"xadvance":26,"chnl":15,"x":0,"y":454,"page":0},{"id":107,"index":81,"char":"k","width":23,"height":38,"xoffset":2,"yoffset":2,"xadvance":23,"chnl":15,"x":0,"y":493,"page":0},{"id":108,"index":82,"char":"l","width":8,"height":38,"xoffset":2,"yoffset":2,"xadvance":11,"chnl":15,"x":0,"y":532,"page":0},{"id":112,"index":86,"char":"p","width":25,"height":38,"xoffset":2,"yoffset":13,"xadvance":27,"chnl":15,"x":0,"y":571,"page":0},{"id":113,"index":87,"char":"q","width":25,"height":38,"xoffset":0,"yoffset":13,"xadvance":27,"chnl":15,"x":9,"y":532,"page":0},{"id":237,"index":174,"char":"í","width":13,"height":38,"xoffset":0,"yoffset":2,"xadvance":11,"chnl":15,"x":24,"y":454,"page":0},{"id":67,"index":41,"char":"C","width":28,"height":37,"xoffset":0,"yoffset":4,"xadvance":28,"chnl":15,"x":24,"y":493,"page":0},{"id":71,"index":45,"char":"G","width":30,"height":37,"xoffset":0,"yoffset":4,"xadvance":31,"chnl":15,"x":28,"y":414,"page":0},{"id":77,"index":51,"char":"M","width":37,"height":36,"xoffset":2,"yoffset":4,"xadvance":41,"chnl":15,"x":38,"y":452,"page":0},{"id":79,"index":53,"char":"O","width":34,"height":37,"xoffset":0,"yoffset":4,"xadvance":34,"chnl":15,"x":49,"y":367,"page":0},{"id":83,"index":57,"char":"S","width":24,"height":37,"xoffset":1,"yoffset":4,"xadvance":24,"chnl":15,"x":59,"y":405,"page":0},{"id":105,"index":79,"char":"i","width":9,"height":37,"xoffset":1,"yoffset":3,"xadvance":11,"chnl":15,"x":58,"y":317,"page":0},{"id":109,"index":83,"char":"m","width":37,"height":27,"xoffset":2,"yoffset":13,"xadvance":39,"chnl":15,"x":68,"y":317,"page":0},{"id":121,"index":95,"char":"y","width":26,"height":37,"xoffset":-2,"yoffset":13,"xadvance":22,"chnl":15,"x":74,"y":272,"page":0},{"id":227,"index":164,"char":"ã","width":22,"height":37,"xoffset":0,"yoffset":4,"xadvance":23,"chnl":15,"x":93,"y":217,"page":0},{"id":245,"index":182,"char":"õ","width":27,"height":37,"xoffset":0,"yoffset":4,"xadvance":27,"chnl":15,"x":96,"y":178,"page":0},{"id":231,"index":168,"char":"ç","width":21,"height":37,"xoffset":0,"yoffset":13,"xadvance":21,"chnl":15,"x":98,"y":125,"page":0},{"id":63,"index":37,"char":"?","width":19,"height":37,"xoffset":1,"yoffset":4,"xadvance":20,"chnl":15,"x":108,"y":79,"page":0},{"id":65,"index":39,"char":"A","width":33,"height":36,"xoffset":-2,"yoffset":4,"xadvance":30,"chnl":15,"x":120,"y":117,"page":0},{"id":66,"index":40,"char":"B","width":24,"height":36,"xoffset":2,"yoffset":4,"xadvance":26,"chnl":15,"x":128,"y":79,"page":0},{"id":68,"index":42,"char":"D","width":30,"height":36,"xoffset":2,"yoffset":4,"xadvance":32,"chnl":15,"x":130,"y":39,"page":0},{"id":69,"index":43,"char":"E","width":21,"height":36,"xoffset":2,"yoffset":4,"xadvance":23,"chnl":15,"x":135,"y":0,"page":0},{"id":70,"index":44,"char":"F","width":20,"height":36,"xoffset":2,"yoffset":4,"xadvance":22,"chnl":15,"x":157,"y":0,"page":0},{"id":72,"index":46,"char":"H","width":28,"height":36,"xoffset":2,"yoffset":4,"xadvance":32,"chnl":15,"x":153,"y":76,"page":0},{"id":73,"index":47,"char":"I","width":14,"height":36,"xoffset":-1,"yoffset":4,"xadvance":12,"chnl":15,"x":161,"y":37,"page":0},{"id":74,"index":48,"char":"J","width":16,"height":36,"xoffset":-2,"yoffset":4,"xadvance":17,"chnl":15,"x":176,"y":37,"page":0},{"id":75,"index":49,"char":"K","width":27,"height":36,"xoffset":2,"yoffset":4,"xadvance":27,"chnl":15,"x":178,"y":0,"page":0},{"id":76,"index":50,"char":"L","width":21,"height":36,"xoffset":2,"yoffset":4,"xadvance":22,"chnl":15,"x":101,"y":255,"page":0},{"id":78,"index":52,"char":"N","width":30,"height":36,"xoffset":2,"yoffset":4,"xadvance":34,"chnl":15,"x":116,"y":216,"page":0},{"id":80,"index":54,"char":"P","width":24,"height":36,"xoffset":2,"yoffset":4,"xadvance":26,"chnl":15,"x":124,"y":154,"page":0},{"id":82,"index":56,"char":"R","width":27,"height":36,"xoffset":2,"yoffset":4,"xadvance":27,"chnl":15,"x":0,"y":610,"page":0},{"id":84,"index":58,"char":"T","width":26,"height":36,"xoffset":-1,"yoffset":4,"xadvance":24,"chnl":15,"x":26,"y":571,"page":0},{"id":85,"index":59,"char":"U","width":28,"height":36,"xoffset":2,"yoffset":4,"xadvance":31,"chnl":15,"x":35,"y":531,"page":0},{"id":86,"index":60,"char":"V","width":32,"height":36,"xoffset":-2,"yoffset":4,"xadvance":28,"chnl":15,"x":53,"y":489,"page":0},{"id":88,"index":62,"char":"X","width":30,"height":36,"xoffset":-1,"yoffset":4,"xadvance":27,"chnl":15,"x":76,"y":443,"page":0},{"id":89,"index":63,"char":"Y","width":29,"height":36,"xoffset":-2,"yoffset":4,"xadvance":25,"chnl":15,"x":84,"y":345,"page":0},{"id":90,"index":64,"char":"Z","width":28,"height":36,"xoffset":-1,"yoffset":4,"xadvance":26,"chnl":15,"x":106,"y":292,"page":0},{"id":119,"index":93,"char":"w","width":36,"height":27,"xoffset":-1,"yoffset":13,"xadvance":33,"chnl":15,"x":123,"y":253,"page":0},{"id":252,"index":189,"char":"ü","width":23,"height":36,"xoffset":1,"yoffset":5,"xadvance":26,"chnl":15,"x":84,"y":382,"page":0},{"id":33,"index":7,"char":"!","width":9,"height":36,"xoffset":2,"yoffset":4,"xadvance":13,"chnl":15,"x":147,"y":191,"page":0},{"id":116,"index":90,"char":"t","width":18,"height":34,"xoffset":-1,"yoffset":7,"xadvance":16,"chnl":15,"x":149,"y":154,"page":0},{"id":59,"index":33,"char":";","width":11,"height":33,"xoffset":-1,"yoffset":13,"xadvance":10,"chnl":15,"x":154,"y":113,"page":0},{"id":97,"index":71,"char":"a","width":22,"height":28,"xoffset":0,"yoffset":13,"xadvance":23,"chnl":15,"x":166,"y":113,"page":0},{"id":99,"index":73,"char":"c","width":21,"height":28,"xoffset":0,"yoffset":13,"xadvance":21,"chnl":15,"x":182,"y":74,"page":0},{"id":101,"index":75,"char":"e","width":24,"height":28,"xoffset":0,"yoffset":13,"xadvance":24,"chnl":15,"x":193,"y":37,"page":0},{"id":111,"index":85,"char":"o","width":27,"height":28,"xoffset":0,"yoffset":13,"xadvance":27,"chnl":15,"x":206,"y":0,"page":0},{"id":115,"index":89,"char":"s","width":19,"height":28,"xoffset":0,"yoffset":13,"xadvance":19,"chnl":15,"x":157,"y":189,"page":0},{"id":58,"index":32,"char":":","width":9,"height":28,"xoffset":0,"yoffset":13,"xadvance":10,"chnl":15,"x":157,"y":218,"page":0},{"id":110,"index":84,"char":"n","width":23,"height":27,"xoffset":2,"yoffset":13,"xadvance":26,"chnl":15,"x":168,"y":142,"page":0},{"id":114,"index":88,"char":"r","width":16,"height":27,"xoffset":2,"yoffset":13,"xadvance":16,"chnl":15,"x":189,"y":103,"page":0},{"id":117,"index":91,"char":"u","width":23,"height":27,"xoffset":1,"yoffset":13,"xadvance":26,"chnl":15,"x":204,"y":66,"page":0},{"id":118,"index":92,"char":"v","width":26,"height":27,"xoffset":-2,"yoffset":13,"xadvance":22,"chnl":15,"x":218,"y":29,"page":0},{"id":120,"index":94,"char":"x","width":24,"height":27,"xoffset":-1,"yoffset":13,"xadvance":21,"chnl":15,"x":234,"y":0,"page":0},{"id":122,"index":96,"char":"z","width":23,"height":27,"xoffset":-1,"yoffset":13,"xadvance":21,"chnl":15,"x":0,"y":647,"page":0},{"id":8220,"index":532,"char":"“","width":17,"height":14,"xoffset":25,"yoffset":4,"xadvance":42,"chnl":15,"x":70,"y":217,"page":0},{"id":8221,"index":533,"char":"”","width":17,"height":14,"xoffset":0,"yoffset":4,"xadvance":42,"chnl":15,"x":98,"y":163,"page":0},{"id":45,"index":19,"char":"-","width":16,"height":7,"xoffset":1,"yoffset":22,"xadvance":18,"chnl":15,"x":59,"y":443,"page":0},{"id":46,"index":20,"char":".","width":9,"height":9,"xoffset":0,"yoffset":31,"xadvance":10,"chnl":15,"x":147,"y":228,"page":0},{"id":32,"index":3,"char":" ","width":0,"height":0,"xoffset":-2,"yoffset":36,"xadvance":12,"chnl":15,"x":50,"y":49,"page":0}],"info":{"face":"fonte","size":42,"bold":0,"italic":0,"charset":["A"," ","B","C","D","E","F","G","H","I","J","K","L","M","N","O","P","Q","R","S","T","U","V","W","X","Y","Z","a","b","c","d","e","f","g","h","i","j","k","l","m","n","o","p","q","r","s","t","u","v","w","x","y","z","Á","É","Í","Ó","Ú","À","Â","Ê","Ô","Ã","Õ","Ü","Ç","á","é","í","ó","ú","à","â","ê","ô","ã","õ","ü","ç",".",";",":","?","!","“","”","(",")","[","]","-","/","—"],"unicode":1,"stretchH":100,"smooth":1,"aa":1,"padding":[2,2,2,2],"spacing":[0,0]},"common":{"lineHeight":45,"base":36,"scaleW":1024,"scaleH":1024,"pages":1,"packed":0,"alphaChnl":0,"redChnl":0,"greenChnl":0,"blueChnl":0},"distanceField":{"fieldType":"msdf","distanceRange":4},"kernings":[{"first":65,"second":67,"amount":-1},{"first":65,"second":71,"amount":-1},{"first":65,"second":74,"amount":2},{"first":65,"second":79,"amount":-1},{"first":65,"second":84,"amount":-3},{"first":65,"second":85,"amount":-1},{"first":65,"second":86,"amount":-3},{"first":65,"second":87,"amount":-2},{"first":65,"second":89,"amount":-3},{"first":65,"second":90,"amount":1},{"first":65,"second":116,"amount":-1},{"first":65,"second":118,"amount":-1},{"first":65,"second":119,"amount":-1},{"first":65,"second":121,"amount":-1},{"first":65,"second":59,"amount":1},{"first":65,"second":8220,"amount":-3},{"first":65,"second":8221,"amount":-4},{"first":66,"second":84,"amount":-2},{"first":66,"second":89,"amount":-1},{"first":67,"second":67,"amount":-1},{"first":67,"second":71,"amount":-1},{"first":67,"second":79,"amount":-1},{"first":67,"second":81,"amount":-1},{"first":67,"second":63,"amount":0},{"first":68,"second":65,"amount":-1},{"first":68,"second":84,"amount":-2},{"first":68,"second":88,"amount":-1},{"first":68,"second":90,"amount":-1},{"first":68,"second":46,"amount":-3},{"first":69,"second":65,"amount":0},{"first":69,"second":74,"amount":1},{"first":69,"second":84,"amount":0},{"first":69,"second":87,"amount":1},{"first":69,"second":88,"amount":0},{"first":70,"second":65,"amount":-3},{"first":70,"second":74,"amount":-1},{"first":70,"second":83,"amount":-1},{"first":70,"second":84,"amount":0},{"first":70,"second":97,"amount":-2},{"first":70,"second":102,"amount":0},{"first":70,"second":46,"amount":-3},{"first":71,"second":84,"amount":-1},{"first":71,"second":86,"amount":-1},{"first":71,"second":121,"amount":-1},{"first":74,"second":65,"amount":-1},{"first":74,"second":74,"amount":-1},{"first":74,"second":97,"amount":-1},{"first":74,"second":225,"amount":-1},{"first":74,"second":224,"amount":-1},{"first":74,"second":46,"amount":-2},{"first":75,"second":67,"amount":-2},{"first":75,"second":71,"amount":-2},{"first":75,"second":74,"amount":2},{"first":75,"second":79,"amount":-2},{"first":75,"second":81,"amount":-2},{"first":75,"second":88,"amount":1},{"first":75,"second":90,"amount":1},{"first":75,"second":99,"amount":-1},{"first":75,"second":100,"amount":-1},{"first":75,"second":101,"amount":-1},{"first":75,"second":103,"amount":-1},{"first":75,"second":111,"amount":-1},{"first":75,"second":113,"amount":-1},{"first":75,"second":116,"amount":-1},{"first":75,"second":118,"amount":-2},{"first":75,"second":119,"amount":-1},{"first":75,"second":121,"amount":-2},{"first":75,"second":233,"amount":-1},{"first":75,"second":237,"amount":-1},{"first":75,"second":243,"amount":-1},{"first":75,"second":234,"amount":-1},{"first":75,"second":59,"amount":1},{"first":76,"second":65,"amount":1},{"first":76,"second":67,"amount":-1},{"first":76,"second":71,"amount":-1},{"first":76,"second":74,"amount":2},{"first":76,"second":79,"amount":-2},{"first":76,"second":81,"amount":-2},{"first":76,"second":84,"amount":-3},{"first":76,"second":85,"amount":-1},{"first":76,"second":86,"amount":-3},{"first":76,"second":87,"amount":-1},{"first":76,"second":89,"amount":-3},{"first":76,"second":90,"amount":1},{"first":76,"second":116,"amount":-1},{"first":76,"second":118,"amount":-2},{"first":76,"second":119,"amount":-1},{"first":76,"second":121,"amount":-2},{"first":76,"second":63,"amount":-2},{"first":76,"second":8220,"amount":-3},{"first":76,"second":8221,"amount":-3},{"first":79,"second":65,"amount":-1},{"first":79,"second":74,"amount":0},{"first":79,"second":84,"amount":-2},{"first":79,"second":88,"amount":-1},{"first":79,"second":89,"amount":-1},{"first":79,"second":90,"amount":-1},{"first":79,"second":46,"amount":-2},{"first":80,"second":65,"amount":-4},{"first":80,"second":71,"amount":0},{"first":80,"second":74,"amount":-3},{"first":80,"second":87,"amount":1},{"first":80,"second":88,"amount":-1},{"first":80,"second":97,"amount":-1},{"first":80,"second":99,"amount":-2},{"first":80,"second":100,"amount":-2},{"first":80,"second":101,"amount":-2},{"first":80,"second":103,"amount":-2},{"first":80,"second":111,"amount":-2},{"first":80,"second":113,"amount":-2},{"first":80,"second":225,"amount":-1},{"first":80,"second":233,"amount":-2},{"first":80,"second":243,"amount":-2},{"first":80,"second":224,"amount":-1},{"first":80,"second":234,"amount":-2},{"first":80,"second":46,"amount":-7},{"first":81,"second":65,"amount":-1},{"first":81,"second":84,"amount":-2},{"first":81,"second":88,"amount":-1},{"first":81,"second":89,"amount":0},{"first":81,"second":90,"amount":-1},{"first":81,"second":46,"amount":-3},{"first":82,"second":67,"amount":-1},{"first":82,"second":71,"amount":-1},{"first":82,"second":74,"amount":1},{"first":82,"second":79,"amount":0},{"first":82,"second":81,"amount":0},{"first":82,"second":84,"amount":-1},{"first":82,"second":89,"amount":-1},{"first":82,"second":99,"amount":-1},{"first":82,"second":100,"amount":-1},{"first":82,"second":101,"amount":-1},{"first":82,"second":103,"amount":-1},{"first":82,"second":111,"amount":-1},{"first":82,"second":113,"amount":-1},{"first":82,"second":233,"amount":-1},{"first":82,"second":243,"amount":-1},{"first":82,"second":234,"amount":-1},{"first":82,"second":59,"amount":2},{"first":83,"second":116,"amount":-1},{"first":83,"second":118,"amount":-1},{"first":83,"second":119,"amount":-1},{"first":83,"second":121,"amount":-1},{"first":84,"second":65,"amount":-3},{"first":84,"second":67,"amount":-2},{"first":84,"second":71,"amount":-2},{"first":84,"second":74,"amount":-3},{"first":84,"second":79,"amount":-2},{"first":84,"second":81,"amount":-2},{"first":84,"second":84,"amount":1},{"first":84,"second":86,"amount":1},{"first":84,"second":87,"amount":1},{"first":84,"second":88,"amount":0},{"first":84,"second":89,"amount":1},{"first":84,"second":97,"amount":-5},{"first":84,"second":99,"amount":-5},{"first":84,"second":100,"amount":-5},{"first":84,"second":101,"amount":-5},{"first":84,"second":102,"amount":-2},{"first":84,"second":103,"amount":-5},{"first":84,"second":109,"amount":-4},{"first":84,"second":110,"amount":-4},{"first":84,"second":111,"amount":-5},{"first":84,"second":112,"amount":-4},{"first":84,"second":113,"amount":-5},{"first":84,"second":114,"amount":-4},{"first":84,"second":115,"amount":-3},{"first":84,"second":117,"amount":-4},{"first":84,"second":118,"amount":-2},{"first":84,"second":119,"amount":-3},{"first":84,"second":120,"amount":-4},{"first":84,"second":121,"amount":-3},{"first":84,"second":122,"amount":-3},{"first":84,"second":225,"amount":-5},{"first":84,"second":233,"amount":-5},{"first":84,"second":237,"amount":-1},{"first":84,"second":243,"amount":-5},{"first":84,"second":250,"amount":-4},{"first":84,"second":224,"amount":-5},{"first":84,"second":234,"amount":-5},{"first":84,"second":252,"amount":-4},{"first":84,"second":46,"amount":-4},{"first":84,"second":59,"amount":-1},{"first":84,"second":58,"amount":-1},{"first":84,"second":8221,"amount":1},{"first":85,"second":65,"amount":-1},{"first":86,"second":65,"amount":-3},{"first":86,"second":67,"amount":-1},{"first":86,"second":71,"amount":-1},{"first":86,"second":74,"amount":-2},{"first":86,"second":79,"amount":0},{"first":86,"second":81,"amount":-1},{"first":86,"second":83,"amount":-1},{"first":86,"second":84,"amount":1},{"first":86,"second":97,"amount":-3},{"first":86,"second":99,"amount":-3},{"first":86,"second":100,"amount":-3},{"first":86,"second":101,"amount":-3},{"first":86,"second":103,"amount":-3},{"first":86,"second":109,"amount":-2},{"first":86,"second":110,"amount":-2},{"first":86,"second":111,"amount":-3},{"first":86,"second":112,"amount":-2},{"first":86,"second":113,"amount":-3},{"first":86,"second":114,"amount":-2},{"first":86,"second":115,"amount":-1},{"first":86,"second":117,"amount":-2},{"first":86,"second":225,"amount":-3},{"first":86,"second":233,"amount":-3},{"first":86,"second":243,"amount":-3},{"first":86,"second":250,"amount":-2},{"first":86,"second":224,"amount":-3},{"first":86,"second":234,"amount":-3},{"first":86,"second":252,"amount":-2},{"first":86,"second":46,"amount":-5},{"first":87,"second":65,"amount":-2},{"first":87,"second":84,"amount":1},{"first":87,"second":97,"amount":-2},{"first":87,"second":99,"amount":-1},{"first":87,"second":100,"amount":-1},{"first":87,"second":101,"amount":-1},{"first":87,"second":103,"amount":-1},{"first":87,"second":111,"amount":-1},{"first":87,"second":113,"amount":-1},{"first":87,"second":225,"amount":-2},{"first":87,"second":233,"amount":-1},{"first":87,"second":243,"amount":-1},{"first":87,"second":224,"amount":-2},{"first":87,"second":234,"amount":-1},{"first":87,"second":46,"amount":-3},{"first":88,"second":67,"amount":-1},{"first":88,"second":71,"amount":-1},{"first":88,"second":74,"amount":2},{"first":88,"second":79,"amount":-1},{"first":88,"second":81,"amount":-1},{"first":88,"second":84,"amount":1},{"first":88,"second":46,"amount":1},{"first":88,"second":59,"amount":2},{"first":89,"second":65,"amount":-4},{"first":89,"second":67,"amount":-1},{"first":89,"second":71,"amount":-1},{"first":89,"second":74,"amount":-1},{"first":89,"second":79,"amount":-1},{"first":89,"second":81,"amount":-1},{"first":89,"second":83,"amount":-1},{"first":89,"second":84,"amount":1},{"first":89,"second":97,"amount":-4},{"first":89,"second":99,"amount":-4},{"first":89,"second":100,"amount":-4},{"first":89,"second":101,"amount":-4},{"first":89,"second":102,"amount":-1},{"first":89,"second":103,"amount":-4},{"first":89,"second":109,"amount":-3},{"first":89,"second":110,"amount":-3},{"first":89,"second":111,"amount":-4},{"first":89,"second":112,"amount":-3},{"first":89,"second":113,"amount":-4},{"first":89,"second":114,"amount":-3},{"first":89,"second":115,"amount":-3},{"first":89,"second":117,"amount":-3},{"first":89,"second":225,"amount":-4},{"first":89,"second":233,"amount":-4},{"first":89,"second":243,"amount":-4},{"first":89,"second":250,"amount":-3},{"first":89,"second":224,"amount":-4},{"first":89,"second":234,"amount":-4},{"first":89,"second":252,"amount":-3},{"first":89,"second":46,"amount":-4},{"first":90,"second":74,"amount":2},{"first":90,"second":84,"amount":1},{"first":90,"second":121,"amount":-1},{"first":98,"second":97,"amount":-1},{"first":98,"second":102,"amount":0},{"first":98,"second":120,"amount":-1},{"first":98,"second":225,"amount":-1},{"first":98,"second":224,"amount":-1},{"first":99,"second":74,"amount":2},{"first":99,"second":84,"amount":-2},{"first":99,"second":89,"amount":-2},{"first":102,"second":98,"amount":0},{"first":102,"second":104,"amount":0},{"first":102,"second":116,"amount":1},{"first":102,"second":118,"amount":1},{"first":102,"second":119,"amount":1},{"first":102,"second":120,"amount":0},{"first":102,"second":121,"amount":1},{"first":102,"second":46,"amount":-3},{"first":102,"second":59,"amount":2},{"first":102,"second":58,"amount":2},{"first":102,"second":63,"amount":1},{"first":102,"second":8220,"amount":2},{"first":102,"second":8221,"amount":2},{"first":102,"second":41,"amount":3},{"first":102,"second":93,"amount":3},{"first":102,"second":45,"amount":-2},{"first":103,"second":106,"amount":1},{"first":106,"second":106,"amount":1},{"first":107,"second":99,"amount":-1},{"first":107,"second":100,"amount":-1},{"first":107,"second":101,"amount":-1},{"first":107,"second":103,"amount":-1},{"first":107,"second":111,"amount":-1},{"first":107,"second":113,"amount":-1},{"first":107,"second":116,"amount":0},{"first":107,"second":233,"amount":-1},{"first":107,"second":243,"amount":-1},{"first":107,"second":234,"amount":-1},{"first":107,"second":46,"amount":2},{"first":107,"second":59,"amount":2},{"first":107,"second":58,"amount":2},{"first":107,"second":45,"amount":-3},{"first":111,"second":97,"amount":-1},{"first":111,"second":102,"amount":-1},{"first":111,"second":120,"amount":-1},{"first":111,"second":225,"amount":-1},{"first":111,"second":224,"amount":-1},{"first":111,"second":8220,"amount":-2},{"first":111,"second":8221,"amount":-3},{"first":112,"second":97,"amount":-1},{"first":112,"second":102,"amount":-1},{"first":112,"second":120,"amount":-1},{"first":112,"second":225,"amount":-1},{"first":112,"second":224,"amount":-1},{"first":112,"second":8220,"amount":-1},{"first":112,"second":8221,"amount":-3},{"first":113,"second":106,"amount":2},{"first":114,"second":99,"amount":-1},{"first":114,"second":100,"amount":-1},{"first":114,"second":101,"amount":-1},{"first":114,"second":102,"amount":1},{"first":114,"second":103,"amount":-1},{"first":114,"second":109,"amount":0},{"first":114,"second":110,"amount":0},{"first":114,"second":111,"amount":-1},{"first":114,"second":113,"amount":-1},{"first":114,"second":115,"amount":0},{"first":114,"second":116,"amount":1},{"first":114,"second":118,"amount":2},{"first":114,"second":119,"amount":2},{"first":114,"second":120,"amount":1},{"first":114,"second":121,"amount":2},{"first":114,"second":122,"amount":1},{"first":114,"second":233,"amount":-1},{"first":114,"second":243,"amount":-1},{"first":114,"second":234,"amount":-1},{"first":114,"second":46,"amount":-4},{"first":114,"second":59,"amount":2},{"first":114,"second":58,"amount":2},{"first":114,"second":8220,"amount":4},{"first":114,"second":8221,"amount":3},{"first":114,"second":45,"amount":-3},{"first":116,"second":99,"amount":-1},{"first":116,"second":100,"amount":-1},{"first":116,"second":101,"amount":0},{"first":116,"second":103,"amount":0},{"first":116,"second":111,"amount":0},{"first":116,"second":113,"amount":0},{"first":116,"second":120,"amount":1},{"first":116,"second":233,"amount":0},{"first":116,"second":243,"amount":0},{"first":116,"second":234,"amount":0},{"first":116,"second":63,"amount":-1},{"first":116,"second":45,"amount":-3},{"first":118,"second":97,"amount":-1},{"first":118,"second":99,"amount":0},{"first":118,"second":100,"amount":0},{"first":118,"second":101,"amount":0},{"first":118,"second":103,"amount":0},{"first":118,"second":111,"amount":0},{"first":118,"second":113,"amount":0},{"first":118,"second":225,"amount":-1},{"first":118,"second":233,"amount":0},{"first":118,"second":243,"amount":0},{"first":118,"second":224,"amount":-1},{"first":118,"second":234,"amount":0},{"first":118,"second":46,"amount":-3},{"first":119,"second":99,"amount":0},{"first":119,"second":100,"amount":0},{"first":119,"second":101,"amount":0},{"first":119,"second":103,"amount":0},{"first":119,"second":111,"amount":0},{"first":119,"second":113,"amount":0},{"first":119,"second":233,"amount":0},{"first":119,"second":243,"amount":0},{"first":119,"second":234,"amount":0},{"first":119,"second":46,"amount":-2},{"first":120,"second":99,"amount":0},{"first":120,"second":100,"amount":0},{"first":120,"second":101,"amount":0},{"first":120,"second":103,"amount":0},{"first":120,"second":111,"amount":0},{"first":120,"second":113,"amount":0},{"first":120,"second":233,"amount":0},{"first":120,"second":243,"amount":0},{"first":120,"second":234,"amount":0},{"first":121,"second":99,"amount":0},{"first":121,"second":100,"amount":0},{"first":121,"second":101,"amount":0},{"first":121,"second":102,"amount":0},{"first":121,"second":103,"amount":0},{"first":121,"second":111,"amount":0},{"first":121,"second":113,"amount":0},{"first":121,"second":116,"amount":0},{"first":121,"second":233,"amount":0},{"first":121,"second":243,"amount":0},{"first":121,"second":234,"amount":0},{"first":121,"second":46,"amount":-3},{"first":121,"second":63,"amount":-2},{"first":243,"second":97,"amount":-1},{"first":243,"second":102,"amount":-1},{"first":243,"second":120,"amount":-1},{"first":46,"second":8220,"amount":-5},{"first":46,"second":8221,"amount":-4},{"first":8220,"second":65,"amount":-5},{"first":8220,"second":74,"amount":-4},{"first":8220,"second":84,"amount":2},{"first":8220,"second":99,"amount":-3},{"first":8220,"second":100,"amount":-3},{"first":8220,"second":101,"amount":-3},{"first":8220,"second":103,"amount":-3},{"first":8220,"second":115,"amount":-2},{"first":8220,"second":46,"amount":-2},{"first":8221,"second":65,"amount":-3},{"first":8221,"second":84,"amount":2},{"first":8221,"second":99,"amount":-1},{"first":8221,"second":100,"amount":-4},{"first":8221,"second":101,"amount":-4},{"first":8221,"second":103,"amount":-4},{"first":8221,"second":111,"amount":-4},{"first":8221,"second":115,"amount":-3},{"first":8221,"second":46,"amount":-2},{"first":40,"second":106,"amount":5},{"first":91,"second":106,"amount":5}]}